text,label
"Món ăn ngon, nhân viên thân thiện",positive
Giao diện dễ dùng và chạy nhanh,positive
"Khách sạn sạch, phục vụ tốt",positive
Rất hài lòng với sản phẩm,positive
"Tuyệt vời, sẽ quay lại",positive
👍 ngon quá,positive
"Dịch vụ tệ, chờ rất chậm",negative
Ứng dụng lỗi và không hài lòng,negative
"Phòng bẩn, tôi thất vọng",negative
"Có dị vật trong món ăn, đau bụng",negative
"Giá đắt, chất lượng kém",negative
😡 hỗ trợ quá tệ,negative
Tôi đã mua hôm qua,neutral
Mở cửa lúc mấy giờ?,neutral
Sản phẩm màu xanh,neutral
Tôi ở chi nhánh thứ hai,neutral
Hôm nay có ba người tham gia,neutral
Nhận được đơn hàng lúc 10 giờ,neutral
